date,symbol,open,close,high,low,volume,amount,amplitude,pct_change,change_amount,turnover
2023-01-03,688018,45.25,46.63,47.31,44.78,4696,43234649.0,5.6,3.23,1.46,0.58
2023-01-04,688018,46.99,45.45,47.45,45.14,4821,44252154.0,4.95,-2.53,-1.18,0.6
2023-01-05,688018,46.01,45.91,46.36,45.1,3929,35901631.0,2.77,1.01,0.46,0.49
2023-01-06,688018,46.47,45.81,46.61,45.1,4033,36994234.0,3.29,-0.22,-0.1,0.5
2023-01-09,688018,45.81,46.27,47.25,45.6,5817,53643275.0,3.6,1.0,0.46,0.72
2023-01-10,688018,46.12,47.54,48.21,45.91,7254,68442666.0,4.97,2.74,1.27,0.9
2023-01-11,688018,47.48,49.49,50.06,47.37,13184,129043290.0,5.66,4.1,1.95,1.64
2023-01-12,688018,49.39,49.34,49.7,48.42,5369,52608618.0,2.59,-0.3,-0.15,0.67
2023-01-13,688018,49.75,48.37,49.75,47.66,8971,86330183.0,4.24,-1.97,-0.97,1.11
2023-01-16,688018,48.21,49.84,50.66,47.44,9492,94414305.0,6.66,3.04,1.47,1.18
2023-01-17,688018,50.25,53.63,55.07,50.17,26997,288103864.0,9.83,7.6,3.79,3.35
2023-01-18,688018,54.81,55.16,55.71,53.1,16436,179786243.0,4.87,2.85,1.53,2.04
2023-01-19,688018,55.16,57.88,58.71,54.81,16118,184221325.0,7.07,4.93,2.72,2.0
2023-01-20,688018,58.39,56.34,58.54,56.1,11458,129747892.0,4.22,-2.66,-1.54,1.42
2023-01-30,688018,56.35,55.53,57.94,54.85,11149,123574262.0,5.48,-1.44,-0.81,1.39
2023-01-31,688018,55.34,54.23,55.73,53.96,10328,111723606.0,3.19,-2.34,-1.3,1.28
2023-02-01,688018,54.23,54.22,54.82,53.48,10751,115487882.0,2.47,-0.02,-0.01,1.34
2023-02-02,688018,54.16,56.34,57.31,54.07,18733,207533818.0,5.98,3.91,2.12,2.33
2023-02-03,688018,55.82,57.64,58.39,55.8,14950,170060611.0,4.6,2.31,1.3,1.86
2023-02-06,688018,57.52,55.47,57.83,54.82,10025,111317769.0,5.22,-3.76,-2.17,1.25
2023-02-07,688018,56.17,55.04,56.17,54.61,7524,82626811.0,2.81,-0.78,-0.43,0.93
2023-02-08,688018,55.28,54.2,56.32,54.17,7974,87404578.0,3.91,-1.53,-0.84,0.99
2023-02-09,688018,53.53,55.94,56.42,53.28,10665,116829886.0,5.79,3.21,1.74,1.33
2023-02-10,688018,55.91,56.29,59.02,55.58,14949,170263766.0,6.15,0.63,0.35,1.86
2023-02-13,688018,55.83,61.35,61.81,55.58,25486,302021645.0,11.07,8.99,5.06,3.17
2023-02-14,688018,61.54,59.67,62.37,59.47,15163,182759493.0,4.73,-2.74,-1.68,1.88
2023-02-15,688018,59.48,58.45,60.17,57.88,12483,144973644.0,3.84,-2.04,-1.22,1.55
2023-02-16,688018,58.47,56.55,59.46,56.24,12534,144116811.0,5.51,-3.25,-1.9,1.56
2023-02-17,688018,57.25,55.0,57.27,54.58,9554,105203239.0,4.76,-2.74,-1.55,1.19
2023-02-20,688018,55.0,55.73,55.77,53.55,6983,76276087.0,4.04,1.33,0.73,0.87
2023-02-21,688018,55.72,54.44,56.12,54.04,5921,64736234.0,3.73,-2.31,-1.29,0.74
2023-02-22,688018,54.09,54.23,55.01,53.8,3977,43122637.0,2.22,-0.39,-0.21,0.49
2023-02-23,688018,54.23,54.94,55.71,54.23,5241,57246592.0,2.73,1.31,0.71,0.65
2023-02-24,688018,54.73,55.7,56.34,54.3,6474,71431691.0,3.71,1.38,0.76,0.8
2023-02-27,688018,55.1,53.43,55.1,53.25,8410,90412227.0,3.32,-4.08,-2.27,1.04
2023-02-28,688018,53.58,54.07,55.43,53.53,9953,107774691.0,3.56,1.2,0.64,1.24
2023-03-01,688018,53.8,54.81,55.13,53.43,6986,75735268.0,3.14,1.37,0.74,0.87
2023-03-02,688018,54.91,55.61,56.58,54.54,6618,73276344.0,3.72,1.46,0.8,0.82
2023-03-03,688018,56.34,55.32,57.78,55.32,11083,123925904.0,4.42,-0.52,-0.29,1.38
2023-03-06,688018,55.39,59.07,60.23,55.11,18245,210390853.0,9.26,6.78,3.75,2.27
2023-03-07,688018,58.57,56.53,59.86,56.34,8536,98347441.0,5.96,-4.3,-2.54,1.06
2023-03-08,688018,56.5,57.51,58.34,55.68,8882,101568233.0,4.71,1.73,0.98,1.1
2023-03-09,688018,56.97,58.26,59.77,56.97,10025,117150552.0,4.87,1.3,0.75,1.25
2023-03-10,688018,57.61,57.91,59.41,56.55,8761,101341951.0,4.91,-0.6,-0.35,1.09
2023-03-13,688018,58.45,58.5,58.54,56.12,9794,111572706.0,4.18,1.02,0.59,1.22
2023-03-14,688018,58.07,59.04,59.06,57.22,8736,101309238.0,3.15,0.92,0.54,1.09
2023-03-15,688018,59.92,60.04,61.57,59.0,10633,127920622.0,4.35,1.69,1.0,1.32
2023-03-16,688018,59.47,58.92,60.62,58.4,7283,85487819.0,3.7,-1.87,-1.12,0.9
2023-03-17,688018,59.51,64.16,67.39,59.25,25212,317514507.0,13.82,8.89,5.24,3.13
2023-03-20,688018,64.53,63.15,65.03,61.74,17554,221072331.0,5.13,-1.57,-1.01,2.18
2023-03-21,688018,63.11,64.78,64.82,62.51,9866,124965625.0,3.66,2.58,1.63,1.23
2023-03-22,688018,65.04,63.7,66.16,63.5,11093,142050602.0,4.11,-1.67,-1.08,1.38
2023-03-23,688018,64.14,69.64,70.68,64.14,30304,404912420.0,10.27,9.32,5.94,3.77
2023-03-24,688018,68.73,68.52,69.95,66.68,22021,297552712.0,4.7,-1.61,-1.12,2.74
2023-03-27,688018,68.52,65.81,69.69,65.04,22777,303942468.0,6.79,-3.96,-2.71,2.83
2023-03-28,688018,65.04,61.38,65.18,60.95,34163,424643170.0,6.43,-6.73,-4.43,4.24
2023-03-29,688018,61.77,61.77,63.39,60.7,14337,176377732.0,4.38,0.64,0.39,1.78
2023-03-30,688018,62.05,62.28,63.68,61.3,10395,129159118.0,3.85,0.83,0.51,1.29
2023-03-31,688018,62.0,62.28,62.99,61.1,10909,133983971.0,3.03,0.0,0.0,1.36
2023-04-03,688018,62.41,61.91,63.4,59.72,21202,258694604.0,5.91,-0.59,-0.37,2.63
2023-04-04,688018,62.61,64.7,65.45,61.1,27031,343285143.0,7.03,4.51,2.79,3.36
2023-04-06,688018,66.57,69.64,73.12,66.57,41960,585797873.0,10.12,7.64,4.94,5.21
2023-04-07,688018,69.88,71.69,73.11,68.7,23768,332971402.0,6.33,2.94,2.05,2.95
2023-04-10,688018,71.69,67.65,71.69,66.62,24761,336636391.0,7.07,-5.64,-4.04,3.08
2023-04-11,688018,67.85,66.8,69.22,66.31,14581,195046974.0,4.3,-1.26,-0.85,1.81
2023-04-12,688018,67.64,68.16,69.44,65.79,14039,188647711.0,5.46,2.04,1.36,1.74
2023-04-13,688018,67.6,64.58,69.43,64.37,17562,229860638.0,7.42,-5.25,-3.58,2.18
2023-04-14,688018,64.9,65.34,66.0,62.84,21993,281295029.0,4.89,1.18,0.76,2.73
2023-04-17,688018,64.78,65.86,66.06,64.02,13922,180789539.0,3.12,0.8,0.52,1.73
2023-04-18,688018,65.85,63.69,66.03,62.83,14482,183163233.0,4.86,-3.29,-2.17,1.8
2023-04-19,688018,64.02,64.25,65.19,62.69,12177,154747559.0,3.93,0.88,0.56,1.51
2023-04-20,688018,63.81,64.98,65.4,63.25,12354,158352790.0,3.35,1.14,0.73,1.53
2023-04-21,688018,64.67,59.95,64.98,59.67,23277,281895349.0,8.17,-7.74,-5.03,2.89
2023-04-24,688018,59.77,59.4,60.97,58.76,11782,139439689.0,3.69,-0.92,-0.55,1.46
2023-04-25,688018,59.31,57.62,60.1,56.97,10213,118072148.0,5.27,-3.0,-1.78,1.27
2023-04-26,688018,57.63,56.29,58.39,56.08,12564,141793896.0,4.01,-2.31,-1.33,1.56
2023-04-27,688018,56.1,56.8,58.75,56.03,9529,108864599.0,4.83,0.91,0.51,1.18
2023-04-28,688018,56.96,58.8,59.57,56.86,12110,141677951.0,4.77,3.52,2.0,1.5
2023-05-04,688018,60.16,64.29,64.82,59.86,21431,268203886.0,8.44,9.34,5.49,2.65
2023-05-05,688018,64.53,62.49,65.29,61.46,15182,189697884.0,5.96,-2.8,-1.8,1.88
2023-05-08,688018,62.65,66.88,67.23,61.68,16944,221810970.0,8.88,7.03,4.39,2.1
2023-05-09,688018,66.41,65.6,67.23,65.04,9386,122940770.0,3.27,-1.91,-1.28,1.16
2023-05-10,688018,65.74,64.66,67.07,63.6,7571,97701994.0,5.29,-1.43,-0.94,0.94
2023-05-11,688018,65.5,66.58,67.54,63.66,14795,193077112.0,6.0,2.97,1.92,1.83
2023-05-12,688018,66.58,65.19,71.23,65.19,24679,330973527.0,9.07,-2.09,-1.39,3.06
2023-05-15,688018,65.02,66.57,68.1,64.95,17209,227015917.0,4.83,2.12,1.38,2.13
2023-05-16,688018,66.62,65.47,67.49,64.06,16562,216240277.0,5.15,-1.65,-1.1,2.05
2023-05-17,688018,65.55,62.98,66.01,62.27,18764,236590866.0,5.71,-3.8,-2.49,2.32
2023-05-18,688018,62.99,63.24,63.91,61.25,12794,159002614.0,4.22,0.41,0.26,1.58
2023-05-19,688018,63.4,68.35,69.9,63.26,36236,486136710.0,10.5,8.08,5.11,4.49
2023-05-22,688018,68.08,65.93,68.6,65.37,19223,254376126.0,4.73,-3.54,-2.42,2.38
2023-05-23,688018,66.07,65.19,67.29,64.84,13702,177897829.0,3.72,-1.12,-0.74,1.7
2023-05-24,688018,65.04,64.51,66.51,64.34,8934,115631517.0,3.33,-1.04,-0.68,1.11
2023-05-25,688018,64.56,65.27,66.06,63.29,9850,125893834.0,4.29,1.18,0.76,1.22
2023-05-26,688018,65.5,66.58,67.24,64.82,11370,149745544.0,3.71,2.01,1.31,1.41
2023-05-29,688018,67.6,66.2,67.6,65.56,10252,135078721.0,3.06,-0.57,-0.38,1.27
2023-05-30,688018,66.42,67.1,67.85,65.19,9439,125056993.0,4.02,1.36,0.9,1.17
2023-05-31,688018,67.22,73.84,74.84,67.1,34448,491211905.0,11.54,10.04,6.74,4.27
2023-06-01,688018,72.61,79.68,80.31,71.95,39104,598058351.0,11.32,7.91,5.84,4.84
2023-06-02,688018,79.72,75.53,80.73,75.38,26306,402604660.0,6.71,-5.21,-4.15,3.26
2023-06-05,688018,76.24,77.83,80.89,75.93,25183,391509594.0,6.57,3.05,2.3,3.12
2023-06-06,688018,77.34,74.48,78.08,73.78,19186,285513612.0,5.52,-4.3,-3.35,2.38
2023-06-07,688018,74.2,74.1,76.09,73.35,11506,169520959.0,3.68,-0.51,-0.38,1.43
2023-06-08,688018,74.93,71.76,74.93,70.82,14420,205064809.0,5.55,-3.16,-2.34,1.79
2023-06-09,688018,72.56,72.2,72.56,70.77,9330,132348262.0,2.49,0.61,0.44,1.16
2023-06-12,688018,72.44,71.34,73.22,71.18,11649,165976768.0,2.83,-1.19,-0.86,1.44
2023-06-13,688018,71.34,76.8,78.29,70.72,21810,322544794.0,10.61,7.65,5.46,2.7
2023-06-14,688018,76.8,75.59,77.25,73.97,12991,193976508.0,4.27,-1.58,-1.21,1.61
2023-06-15,688018,75.59,73.45,76.29,72.61,13428,196856460.0,4.87,-2.83,-2.14,1.66
2023-06-16,688018,73.75,72.4,73.89,71.18,19963,284887326.0,3.69,-1.43,-1.05,2.47
2023-06-19,688018,72.63,73.66,73.99,70.97,22944,328158980.0,4.17,1.74,1.26,2.84
2023-06-20,688018,72.69,75.52,77.51,72.42,16670,249098577.0,6.91,2.53,1.86,2.06
2023-06-21,688018,75.32,71.48,75.32,71.35,16898,241897291.0,5.26,-5.35,-4.04,2.09
2023-06-26,688018,70.69,68.96,71.46,68.6,13198,181578904.0,4.0,-3.53,-2.52,1.63
2023-06-27,688018,69.11,67.59,69.82,67.36,13458,181822032.0,3.57,-1.99,-1.37,1.67
2023-06-28,688018,68.11,67.13,68.9,65.62,10269,137147727.0,4.85,-0.68,-0.46,1.27
2023-06-29,688018,66.57,65.98,68.34,65.55,10304,135945446.0,4.16,-1.71,-1.15,1.28
2023-06-30,688018,66.11,65.46,66.56,64.67,13339,173228410.0,2.86,-0.79,-0.52,1.65
2023-07-03,688018,64.53,65.38,65.78,63.76,14104,181855901.0,3.09,-0.12,-0.08,1.75
2023-07-04,688018,65.65,69.64,70.14,64.6,16933,228813984.0,8.47,6.52,4.26,2.1
2023-07-05,688018,69.12,68.12,70.85,68.11,8686,119750466.0,3.93,-2.18,-1.52,1.08
2023-07-06,688018,67.84,67.08,69.8,66.35,13365,178937670.0,5.06,-1.53,-1.04,1.66
2023-07-07,688018,66.45,65.61,67.57,64.21,7899,102410971.0,5.01,-2.19,-1.47,0.98
2023-07-10,688018,66.06,67.24,68.61,64.72,12236,162631734.0,5.93,2.48,1.63,1.52
2023-07-11,688018,67.86,69.89,70.96,66.87,13874,191236924.0,6.08,3.94,2.65,1.72
2023-07-12,688018,70.65,67.93,70.92,67.61,7922,107675870.0,4.74,-2.8,-1.96,0.98
2023-07-13,688018,68.51,68.77,70.0,67.43,11282,153586466.0,3.78,1.24,0.84,1.4
2023-07-14,688018,68.62,69.39,70.92,68.36,6881,95333602.0,3.72,0.9,0.62,0.85
2023-07-17,688018,68.78,69.43,69.44,67.49,6464,87935320.0,2.81,0.06,0.04,0.8
2023-07-18,688018,68.79,69.18,70.61,68.41,7025,96739173.0,3.17,-0.36,-0.25,0.87
2023-07-19,688018,70.48,69.14,71.41,69.06,7850,109256811.0,3.4,-0.06,-0.04,0.97
2023-07-20,688018,69.14,65.94,70.15,65.73,14298,189204107.0,6.39,-4.63,-3.2,1.77
2023-07-21,688018,66.57,64.34,66.57,64.06,10058,129833021.0,3.81,-2.43,-1.6,1.24
2023-07-24,688018,64.49,63.43,64.49,62.38,13815,173550869.0,3.28,-1.41,-0.91,1.71
2023-07-25,688018,64.37,63.26,64.69,61.81,14348,179986842.0,4.54,-0.27,-0.17,1.78
2023-07-26,688018,63.38,63.7,64.63,62.69,6741,85074669.0,3.07,0.7,0.44,0.83
2023-07-27,688018,62.93,61.92,63.72,61.87,6809,84408458.0,2.9,-2.79,-1.78,0.84
2023-07-28,688018,61.66,61.86,62.36,61.0,10347,126481558.0,2.2,-0.1,-0.06,1.28
2023-07-31,688018,61.77,59.23,62.03,59.1,26492,316821048.0,4.74,-4.25,-2.63,3.28
2023-08-01,688018,58.98,60.63,61.35,58.44,13415,159796473.0,4.91,2.36,1.4,1.66
2023-08-02,688018,59.97,59.25,60.44,59.07,6360,75189956.0,2.26,-2.28,-1.38,0.79
2023-08-03,688018,59.76,59.89,60.27,58.96,7556,89316897.0,2.21,1.08,0.64,0.94
2023-08-04,688018,59.96,58.3,60.56,58.26,9732,113715432.0,3.84,-2.65,-1.59,1.2
2023-08-07,688018,58.34,58.02,59.21,57.31,9971,114721596.0,3.26,-0.48,-0.28,1.23
2023-08-08,688018,58.14,57.37,58.64,57.16,6168,70718240.0,2.55,-1.12,-0.65,0.76
2023-08-09,688018,57.39,55.82,57.59,55.65,17481,195746382.0,3.38,-2.7,-1.55,2.16
2023-08-10,688018,56.31,56.86,57.09,55.75,8106,91175985.0,2.4,1.86,1.04,1.0
2023-08-11,688018,57.37,56.99,57.65,56.39,9639,109333584.0,2.22,0.23,0.13,1.19
2023-08-14,688018,56.09,56.69,56.85,55.37,5772,64272069.0,2.6,-0.53,-0.3,0.71
2023-08-15,688018,56.67,55.28,56.85,54.49,9129,100170039.0,4.16,-2.49,-1.41,1.13
2023-08-16,688018,55.08,54.81,55.8,54.55,8288,90795276.0,2.26,-0.85,-0.47,1.03
2023-08-17,688018,54.75,56.3,56.79,54.75,8159,90617825.0,3.72,2.72,1.49,1.01
2023-08-18,688018,56.55,55.84,57.5,55.83,7820,88076327.0,2.97,-0.82,-0.46,0.97
2023-08-21,688018,55.84,55.48,56.27,55.34,5543,61497885.0,1.67,-0.64,-0.36,0.69
2023-08-22,688018,55.58,56.44,56.78,54.51,7201,79471214.0,4.09,1.73,0.96,0.89
2023-08-23,688018,56.03,54.46,56.27,54.45,6122,66775870.0,3.22,-3.51,-1.98,0.76
2023-08-24,688018,55.46,55.32,57.32,54.66,11344,125955063.0,4.88,1.58,0.86,1.4
2023-08-25,688018,54.82,54.14,55.24,53.68,7256,78253269.0,2.82,-2.13,-1.18,0.9
2023-08-28,688018,57.88,54.45,58.89,53.05,14162,155100855.0,10.79,0.57,0.31,1.75
2023-08-29,688018,54.34,56.7,57.01,54.3,9879,109871030.0,4.98,4.13,2.25,1.22
2023-08-30,688018,56.86,59.71,60.43,56.86,16552,194687129.0,6.3,5.31,3.01,2.05
2023-08-31,688018,59.16,59.42,60.08,58.78,8017,94555738.0,2.18,-0.49,-0.29,0.99
2023-09-01,688018,59.47,58.59,59.92,58.05,5351,62337225.0,3.15,-1.4,-0.83,0.66
2023-09-04,688018,58.67,58.13,59.22,57.12,7010,80484901.0,3.58,-0.79,-0.46,0.87
2023-09-05,688018,58.39,57.83,58.87,57.38,7693,88962872.0,2.56,-0.52,-0.3,0.95
2023-09-06,688018,57.58,58.52,59.16,57.58,13530,156784289.0,2.73,1.19,0.69,1.67
2023-09-07,688018,58.24,57.44,58.46,57.32,7946,91412033.0,1.95,-1.85,-1.08,0.98
2023-09-08,688018,57.37,58.28,58.52,56.45,10814,123459866.0,3.6,1.46,0.84,1.34
2023-09-11,688018,61.46,59.16,61.77,58.43,30730,366847031.0,5.73,1.51,0.88,3.8
2023-09-12,688018,57.37,56.17,57.88,54.3,21048,233687625.0,6.05,-5.05,-2.99,2.61
2023-09-13,688018,55.83,55.86,56.53,55.07,9400,104080594.0,2.6,-0.55,-0.31,1.16
2023-09-14,688018,55.86,54.75,55.97,53.94,8643,93580384.0,3.63,-1.99,-1.11,1.07
2023-09-15,688018,54.82,55.24,56.46,53.34,8882,97009255.0,5.7,0.89,0.49,1.1
2023-09-18,688018,54.85,53.57,54.85,53.1,10289,109910436.0,3.17,-3.02,-1.67,1.27
2023-09-19,688018,53.53,53.66,54.4,53.29,5966,63843873.0,2.07,0.17,0.09,0.74
2023-09-20,688018,53.17,52.76,54.11,52.01,7410,77778496.0,3.91,-1.68,-0.9,0.92
2023-09-21,688018,52.77,51.77,53.14,51.26,6312,65485136.0,3.56,-1.88,-0.99,0.78
2023-09-22,688018,51.74,52.89,53.01,51.37,7850,81808509.0,3.17,2.16,1.12,0.97
2023-09-25,688018,52.89,51.09,53.23,50.67,14193,144533979.0,4.84,-3.4,-1.8,1.76
2023-09-26,688018,50.92,50.64,51.64,50.15,14061,142027095.0,2.92,-0.88,-0.45,1.74
2023-09-27,688018,50.72,50.62,51.37,50.15,14285,144303760.0,2.41,-0.04,-0.02,1.77
2023-09-28,688018,50.46,51.03,51.23,50.23,8820,89338646.0,1.98,0.81,0.41,1.09
2023-10-09,688018,51.13,51.63,52.51,50.47,9797,100665022.0,4.0,1.18,0.6,1.21
2023-10-10,688018,51.63,52.82,53.21,51.54,11479,119996456.0,3.23,2.3,1.19,1.42
2023-10-11,688018,52.76,53.51,53.94,51.81,11712,123796261.0,4.03,1.31,0.69,1.45
2023-10-12,688018,53.9,53.51,53.98,53.11,5934,63120249.0,1.63,0.0,0.0,0.73
2023-10-13,688018,53.33,53.28,53.98,53.03,5199,55263870.0,1.78,-0.43,-0.23,0.64
2023-10-16,688018,53.07,52.24,53.48,51.96,6464,67373740.0,2.85,-1.95,-1.04,0.8
2023-10-17,688018,52.1,52.11,53.02,51.79,4841,50328370.0,2.35,-0.25,-0.13,0.6
2023-10-18,688018,51.74,50.94,52.53,50.81,5073,51801879.0,3.3,-2.25,-1.17,0.63
2023-10-19,688018,50.52,51.54,53.63,50.52,10676,111337433.0,6.11,1.18,0.6,1.32
2023-10-20,688018,50.87,49.51,51.94,49.46,8445,84468499.0,4.81,-3.94,-2.03,1.05
2023-10-23,688018,49.31,48.0,49.82,47.68,10082,97606159.0,4.32,-3.05,-1.51,1.25
2023-10-24,688018,48.16,48.74,49.44,47.17,11178,107810618.0,4.73,1.54,0.74,1.38
2023-10-25,688018,49.18,49.65,50.82,48.52,9650,95500056.0,4.72,1.87,0.91,1.19
2023-10-26,688018,49.27,48.84,50.03,48.05,8937,86693368.0,3.99,-1.63,-0.81,1.11
2023-10-27,688018,48.8,50.44,50.85,47.96,8846,87269561.0,5.92,3.28,1.6,1.09
2023-10-30,688018,49.95,52.83,53.21,49.95,14026,145139319.0,6.46,4.74,2.39,1.74
2023-10-31,688018,52.73,51.81,53.85,51.29,8069,83749362.0,4.85,-1.93,-1.02,1.0
2023-11-01,688018,52.0,51.93,52.88,51.59,6940,72048019.0,2.49,0.23,0.12,0.86
2023-11-02,688018,52.18,51.69,53.22,51.59,7725,80691057.0,3.14,-0.46,-0.24,0.96
2023-11-03,688018,51.64,53.93,54.45,51.62,11152,118939386.0,5.47,4.33,2.24,1.38
2023-11-06,688018,54.23,56.26,56.75,53.65,13454,149059925.0,5.75,4.32,2.33,1.67
2023-11-07,688018,55.83,56.11,56.33,55.07,8317,92121559.0,2.24,-0.27,-0.15,1.03
2023-11-08,688018,56.11,56.01,56.86,55.47,7034,78426109.0,2.48,-0.18,-0.1,0.87
2023-11-09,688018,56.11,55.63,57.41,55.32,6755,75496785.0,3.73,-0.68,-0.38,0.84
2023-11-10,688018,55.37,56.25,56.92,54.93,9078,101596471.0,3.58,1.11,0.62,1.12
2023-11-13,688018,56.6,56.85,57.5,56.09,6552,74001363.0,2.51,1.07,0.6,0.81
2023-11-14,688018,56.55,58.76,59.32,56.46,18135,210632238.0,5.03,3.36,1.91,2.24
2023-11-15,688018,59.57,58.88,61.23,58.47,23298,276866121.0,4.7,0.2,0.12,2.88
2023-11-16,688018,58.89,57.14,59.17,56.93,11967,137256170.0,3.8,-2.96,-1.74,1.48
2023-11-17,688018,56.86,56.94,57.78,56.34,8039,91147284.0,2.52,-0.35,-0.2,1.0
2023-11-20,688018,56.85,55.84,57.15,55.58,11798,131194099.0,2.76,-1.93,-1.1,1.46
2023-11-21,688018,55.93,55.93,56.62,55.42,9597,106869422.0,2.15,0.16,0.09,1.19
2023-11-22,688018,55.86,54.39,56.17,54.36,7910,86464668.0,3.24,-2.75,-1.54,0.98
2023-11-23,688018,54.4,55.43,55.63,53.99,6656,72495013.0,3.02,1.91,1.04,0.82
2023-11-24,688018,55.4,54.07,55.4,53.69,6977,75096542.0,3.08,-2.45,-1.36,0.86
2023-11-27,688018,54.07,54.63,54.78,53.54,7751,83680698.0,2.29,1.04,0.56,0.96
2023-11-28,688018,54.37,55.5,56.45,54.09,12533,138198108.0,4.32,1.59,0.87,1.55
2023-11-29,688018,55.33,56.16,56.6,55.33,8622,96164704.0,2.29,1.19,0.66,1.07
2023-11-30,688018,55.41,53.9,55.83,53.29,14820,159356139.0,4.52,-4.02,-2.26,1.83
2023-12-01,688018,53.29,53.65,54.22,52.01,14698,154530046.0,4.1,-0.46,-0.25,1.82
2023-12-04,688018,53.39,53.43,54.2,52.95,7342,78214117.0,2.33,-0.41,-0.22,0.91
2023-12-05,688018,53.16,51.86,53.58,51.78,7520,78193246.0,3.37,-2.94,-1.57,0.93
2023-12-06,688018,51.59,51.8,53.06,51.43,10605,110139431.0,3.14,-0.12,-0.06,1.31
2023-12-07,688018,51.74,51.28,52.1,51.0,10974,112466392.0,2.12,-1.0,-0.52,1.36
2023-12-08,688018,51.13,51.85,52.15,51.03,16887,173557250.0,2.18,1.11,0.57,2.09
2023-12-11,688018,51.68,52.82,53.08,50.72,11542,118999578.0,4.55,1.87,0.97,1.43
2023-12-12,688018,53.05,52.95,53.36,52.29,6233,65519775.0,2.03,0.25,0.13,0.77
2023-12-13,688018,52.79,52.25,53.26,52.18,5216,54598092.0,2.04,-1.32,-0.7,0.65
2023-12-14,688018,52.25,52.46,53.44,52.25,7635,80297922.0,2.28,0.4,0.21,0.95
2023-12-15,688018,52.3,50.42,52.46,50.21,10735,109223050.0,4.29,-3.89,-2.04,1.33
2023-12-18,688018,50.36,49.97,50.92,49.63,9962,99006299.0,2.56,-0.89,-0.45,1.23
2023-12-19,688018,49.95,50.64,50.87,49.7,6308,63175610.0,2.34,1.34,0.67,0.78
2023-12-20,688018,50.36,49.87,50.9,49.7,6143,61367372.0,2.37,-1.52,-0.77,0.76
2023-12-21,688018,49.87,50.14,50.89,49.49,6118,61039821.0,2.81,0.54,0.27,0.77
2023-12-22,688018,50.45,49.25,50.45,48.97,7149,70785776.0,2.95,-1.78,-0.89,0.9
2023-12-25,688018,49.24,49.52,50.51,49.21,6156,61076250.0,2.64,0.55,0.27,0.77
2023-12-26,688018,49.52,49.03,49.9,48.51,5521,53976188.0,2.81,-0.99,-0.49,0.69
2023-12-27,688018,49.03,49.04,49.93,48.57,7524,73754471.0,2.77,0.02,0.01,0.94
2023-12-28,688018,49.44,50.62,51.0,48.97,9432,94278417.0,4.14,3.22,1.58,1.18
2023-12-29,688018,50.72,51.72,52.35,50.48,11083,114188806.0,3.69,2.17,1.1,1.39
2024-01-02,688018,51.64,51.41,52.37,50.54,10157,104161042.0,3.54,-0.6,-0.31,1.26
2024-01-03,688018,51.12,50.36,51.3,50.04,8856,89242786.0,2.45,-2.04,-1.05,1.1
2024-01-04,688018,50.26,49.41,50.36,49.18,6636,65464286.0,2.34,-1.89,-0.95,0.82
2024-01-05,688018,49.36,48.99,49.95,48.72,7979,78199766.0,2.49,-0.85,-0.42,0.99
2024-01-08,688018,49.7,46.64,49.7,46.56,9218,86853788.0,6.41,-4.8,-2.35,1.14
2024-01-09,688018,46.68,45.9,47.33,45.75,9186,84990961.0,3.39,-1.59,-0.74,1.14
2024-01-10,688018,45.78,45.39,46.38,44.58,6063,55203087.0,3.92,-1.11,-0.51,0.75
2024-01-11,688018,47.65,49.05,51.09,47.39,28965,283239043.0,8.15,8.06,3.66,3.59
2024-01-12,688018,49.04,48.52,49.69,47.97,12286,119331960.0,3.51,-1.08,-0.53,1.52
2024-01-15,688018,47.96,48.88,49.94,47.7,10804,105628459.0,4.62,0.74,0.36,1.34
2024-01-16,688018,48.67,48.18,49.8,47.14,13730,130866157.0,5.44,-1.43,-0.7,1.7
2024-01-17,688018,48.16,46.11,48.27,45.93,9823,91993708.0,4.86,-4.3,-2.07,1.22
2024-01-18,688018,45.6,45.74,46.83,43.97,13380,120097643.0,6.2,-0.8,-0.37,1.66
2024-01-19,688018,45.87,45.42,46.47,45.3,8482,77580316.0,2.56,-0.7,-0.32,1.05
2024-01-22,688018,45.5,42.79,46.0,42.55,12313,108490079.0,7.6,-5.79,-2.63,1.52
2024-01-23,688018,42.89,42.92,43.38,42.11,10234,87483565.0,2.97,0.3,0.13,1.27
2024-01-24,688018,43.05,42.37,43.24,40.75,12161,101562637.0,5.8,-1.28,-0.55,1.51
2024-01-25,688018,42.27,43.34,43.7,41.61,12742,109388697.0,4.93,2.29,0.97,1.58
2024-01-26,688018,43.24,41.57,43.31,41.51,11833,99336190.0,4.15,-4.08,-1.77,1.46
2024-01-29,688018,41.96,41.11,42.94,41.1,11424,96086861.0,4.43,-1.11,-0.46,1.41
2024-01-30,688018,41.41,42.1,42.82,41.12,17774,149516584.0,4.14,2.41,0.99,2.25
2024-01-31,688018,42.1,40.33,42.63,40.09,16412,136075588.0,6.03,-4.2,-1.77,2.08
2024-02-01,688018,40.64,42.12,43.2,40.22,19829,165739650.0,7.39,4.44,1.79,2.51
2024-02-02,688018,42.12,39.3,42.53,37.99,20146,162274052.0,10.78,-6.7,-2.82,2.55
2024-02-05,688018,38.7,39.49,40.43,36.25,17296,132814032.0,10.64,0.48,0.19,2.19
2024-02-06,688018,39.07,41.77,42.79,37.76,20155,164166788.0,12.74,5.77,2.28,2.56
2024-02-07,688018,42.19,42.88,44.27,41.56,19985,172070816.0,6.49,2.66,1.11,2.53
2024-02-08,688018,43.33,44.53,47.09,43.33,21704,195348118.0,8.77,3.85,1.65,2.75
2024-02-19,688018,46.11,46.0,46.45,44.68,18341,166656394.0,3.97,3.3,1.47,2.33
2024-02-20,688018,45.25,45.25,46.0,43.73,17099,152849489.0,4.93,-1.63,-0.75,2.17
2024-02-21,688018,44.73,44.79,45.95,43.81,13684,122998616.0,4.73,-1.02,-0.46,1.73
2024-02-22,688018,44.74,45.47,45.77,44.71,9832,89089869.0,2.37,1.52,0.68,1.25
2024-02-23,688018,45.86,46.17,46.36,44.59,12529,113616357.0,3.89,1.54,0.7,1.59
2024-02-26,688018,46.63,46.76,47.85,45.7,13005,121408382.0,4.66,1.28,0.59,1.65
2024-02-27,688018,46.32,48.16,48.62,45.66,15007,141200493.0,6.33,2.99,1.4,1.9
2024-02-28,688018,48.17,45.09,49.13,45.09,13941,131001964.0,8.39,-6.37,-3.07,1.77
2024-02-29,688018,45.09,47.52,47.52,45.09,11997,111821063.0,5.39,5.39,2.43,1.52
2024-03-01,688018,47.56,48.25,48.93,47.29,14395,138018069.0,3.45,1.54,0.73,1.82
2024-03-04,688018,48.67,48.48,49.14,47.65,12321,118809596.0,3.09,0.48,0.23,1.56
2024-03-05,688018,48.16,48.83,49.63,48.0,13479,130997024.0,3.36,0.72,0.35,1.71
2024-03-06,688018,48.16,47.92,48.88,47.26,7551,72393313.0,3.32,-1.86,-0.91,0.96
2024-03-07,688018,48.22,46.62,48.56,46.62,7064,66855208.0,4.05,-2.71,-1.3,0.9
2024-03-08,688018,46.44,47.02,47.19,45.86,9978,92599738.0,2.85,0.86,0.4,1.27
2024-03-11,688018,46.62,47.74,47.75,45.97,7718,72405093.0,3.79,1.53,0.72,0.98
2024-03-12,688018,47.65,48.8,49.37,47.51,9393,91198506.0,3.9,2.22,1.06,1.19
2024-03-13,688018,49.18,48.76,49.69,48.54,7820,76487125.0,2.36,-0.08,-0.04,0.99
2024-03-14,688018,48.52,47.34,48.86,47.03,7814,74371714.0,3.75,-2.91,-1.42,0.99
2024-03-15,688018,47.64,48.29,48.36,47.04,6166,58654085.0,2.79,2.01,0.95,0.78
2024-03-18,688018,48.19,48.91,49.16,47.66,11338,109139058.0,3.11,1.28,0.62,1.44
2024-03-19,688018,49.03,48.68,49.54,48.67,8098,79251077.0,1.78,-0.47,-0.23,1.03
2024-03-20,688018,48.68,49.25,49.27,48.04,8080,78624647.0,2.53,1.17,0.57,1.02
2024-03-21,688018,49.26,49.14,50.15,48.78,7328,71886291.0,2.78,-0.22,-0.11,0.93
2024-03-22,688018,49.04,48.08,49.68,47.89,9174,88731335.0,3.64,-2.16,-1.06,1.16
2024-03-25,688018,49.98,49.48,51.91,49.14,25903,260398732.0,5.76,2.91,1.4,3.28
2024-03-26,688018,50.0,47.7,50.52,47.14,15814,153240301.0,6.83,-3.6,-1.78,2.0
2024-03-27,688018,47.8,46.43,48.15,46.16,14384,133864678.0,4.17,-2.66,-1.27,1.82
2024-03-28,688018,46.14,45.89,47.36,45.6,15772,145969145.0,3.79,-1.16,-0.54,2.0
2024-03-29,688018,46.05,46.64,46.73,44.99,9808,89452602.0,3.79,1.63,0.75,1.24
2024-04-01,688018,46.74,47.98,48.01,46.69,8662,82043073.0,2.83,2.87,1.34,1.1
2024-04-02,688018,47.68,47.27,48.14,46.92,7441,70391908.0,2.54,-1.48,-0.71,0.94
2024-04-03,688018,46.83,47.51,48.16,46.41,8572,80909755.0,3.7,0.51,0.24,1.09
2024-04-08,688018,47.17,45.27,47.83,45.2,12667,117115530.0,5.54,-4.71,-2.24,1.61
2024-04-09,688018,45.3,48.23,48.61,45.27,12953,121155996.0,7.38,6.54,2.96,1.64
2024-04-10,688018,48.21,46.57,48.21,46.18,8610,80408970.0,4.21,-3.44,-1.66,1.09
2024-04-11,688018,46.41,46.93,47.59,46.22,8558,80146094.0,2.94,0.77,0.36,1.09
2024-04-12,688018,47.01,46.64,47.44,46.43,6363,59556493.0,2.15,-0.62,-0.29,0.81
2024-04-15,688018,46.38,46.86,47.85,46.15,10221,95849201.0,3.64,0.47,0.22,1.3
2024-04-16,688018,46.71,44.72,47.29,44.58,13550,122825191.0,5.78,-4.57,-2.14,1.72
2024-04-17,688018,45.37,47.35,47.35,45.12,13281,123491002.0,4.99,5.88,2.63,1.68
2024-04-18,688018,47.14,48.78,49.1,46.83,14030,135421757.0,4.79,3.02,1.43,1.78
2024-04-19,688018,50.72,49.12,51.68,48.37,24722,244841172.0,6.79,0.7,0.34,3.13
2024-04-22,688018,48.14,50.34,50.68,45.61,22761,219520520.0,10.32,2.48,1.22,2.89
2024-04-23,688018,49.98,49.61,51.03,49.18,12466,123835748.0,3.68,-1.45,-0.73,1.58
2024-04-24,688018,49.59,50.65,51.49,49.52,13589,137030277.0,3.97,2.1,1.04,1.72
2024-04-25,688018,50.71,51.63,52.51,50.22,16157,166095959.0,4.52,1.93,0.98,2.05
2024-04-26,688018,52.11,52.84,52.94,51.25,13821,144050977.0,3.27,2.34,1.21,1.75
2024-04-29,688018,52.76,54.88,55.57,52.76,21665,235304458.0,5.32,3.86,2.04,2.75
2024-04-30,688018,54.81,53.6,55.17,53.54,11981,128816233.0,2.97,-2.33,-1.28,1.52
2024-05-06,688018,54.55,55.83,56.03,54.05,15988,175695900.0,3.69,4.16,2.23,2.03
2024-05-07,688018,55.32,54.16,56.17,54.07,15335,167674199.0,3.76,-2.99,-1.67,1.94
2024-05-08,688018,54.09,53.79,54.55,53.33,13968,149814991.0,2.25,-0.68,-0.37,1.77
2024-05-09,688018,53.97,54.61,55.08,53.66,7868,85337334.0,2.64,1.52,0.82,1.0
2024-05-10,688018,55.04,54.25,55.32,53.39,9477,101842780.0,3.53,-0.66,-0.36,1.17
2024-05-13,688018,53.72,53.88,55.73,53.08,10310,111909085.0,4.88,-0.68,-0.37,1.28
2024-05-14,688018,54.45,54.04,56.5,53.94,11245,122590546.0,4.75,0.3,0.16,1.39
2024-05-15,688018,54.3,53.28,54.63,52.85,7549,80702943.0,3.29,-1.41,-0.76,0.93
2024-05-16,688018,53.78,52.7,54.49,52.6,11224,84545178.0,3.55,-1.09,-0.58,1.0
2024-05-17,688018,52.7,53.05,53.14,51.2,13544,99890705.0,3.68,0.66,0.35,1.21
2024-05-20,688018,53.28,54.21,54.46,52.64,10601,80328287.0,3.43,2.19,1.16,0.95
2024-05-21,688018,54.21,53.87,54.71,53.4,6283,47833057.0,2.42,-0.63,-0.34,0.56
2024-05-22,688018,54.64,53.75,54.64,53.46,7128,54115093.0,2.19,-0.22,-0.12,0.64
2024-05-23,688018,53.91,52.49,54.17,52.27,10529,78193870.0,3.53,-2.34,-1.26,0.94
2024-05-24,688018,52.21,51.34,52.87,51.29,8031,58808656.0,3.01,-2.19,-1.15,0.72
2024-05-27,688018,51.46,52.49,52.6,49.91,13013,93462446.0,5.24,2.24,1.15,1.16
2024-05-28,688018,52.65,51.92,53.48,51.84,10660,78743959.0,3.12,-1.09,-0.57,0.95
2024-05-29,688018,52.32,51.53,52.63,51.13,8808,64515494.0,2.89,-0.75,-0.39,0.79
2024-05-30,688018,51.26,52.9,53.45,50.7,12954,95678764.0,5.34,2.66,1.37,1.16
2024-05-31,688018,52.73,53.16,53.51,52.35,10123,75622608.0,2.19,0.49,0.26,0.9
2024-06-03,688018,53.0,52.98,54.11,52.62,12580,94610318.0,2.8,-0.34,-0.18,1.12
2024-06-04,688018,53.0,53.19,53.45,51.71,10669,78770189.0,3.28,0.4,0.21,0.95
2024-06-05,688018,52.87,53.2,54.21,52.87,8505,64300215.0,2.52,0.02,0.01,0.76
2024-06-06,688018,53.73,52.42,54.26,52.42,9493,71132438.0,3.46,-1.47,-0.78,0.85
2024-06-07,688018,52.5,52.51,53.48,51.66,9365,69347285.0,3.47,0.17,0.09,0.84
2024-06-11,688018,52.17,53.76,53.86,51.89,11743,87964941.0,3.75,2.38,1.25,1.05
2024-06-12,688018,53.53,54.6,56.28,53.53,16375,126729602.0,5.12,1.56,0.84,1.46
2024-06-13,688018,54.79,56.06,56.38,54.24,18388,144177202.0,3.92,2.67,1.46,1.64
2024-06-14,688018,55.57,55.43,56.05,54.36,14276,110558960.0,3.01,-1.12,-0.63,1.27
2024-06-17,688018,55.19,57.68,58.28,55.04,21636,174248682.0,5.85,4.06,2.25,1.93
2024-06-18,688018,57.49,57.33,58.5,56.71,13339,108023052.0,3.1,-0.61,-0.35,1.19
2024-06-19,688018,57.32,57.72,58.52,56.86,12968,105228896.0,2.9,0.68,0.39,1.16
2024-06-20,688018,57.46,58.9,60.04,57.36,23511,195263277.0,4.64,2.04,1.18,2.1
2024-06-21,688018,58.29,58.77,59.0,57.79,13988,115033472.0,2.05,-0.22,-0.13,1.25
2024-06-24,688018,58.77,58.03,60.75,57.91,22790,190918039.0,4.83,-1.26,-0.74,2.03
2024-06-25,688018,58.03,56.8,58.32,56.15,20731,165810651.0,3.74,-2.12,-1.23,1.85
2024-06-26,688018,56.76,58.67,58.92,56.71,14884,121298416.0,3.89,3.29,1.87,1.33
2024-06-27,688018,69.89,70.49,70.49,67.47,97054,947068102.0,5.15,20.15,11.82,8.65
2024-06-28,688018,71.18,70.23,71.18,68.48,67963,666791861.0,3.83,-0.37,-0.26,6.06
2024-07-01,688018,71.1,69.1,72.52,67.24,53618,523659624.0,7.52,-1.61,-1.13,4.78
2024-07-02,688018,69.1,69.02,70.52,68.23,31361,305054968.0,3.31,-0.12,-0.08,2.8
2024-07-03,688018,69.31,68.86,70.25,66.81,35413,341559156.0,4.98,-0.23,-0.16,3.16
2024-07-04,688018,69.74,67.92,70.98,67.86,37444,365406150.0,4.53,-1.37,-0.94,3.34
2024-07-05,688018,67.73,68.57,69.26,66.59,29417,280287338.0,3.93,0.96,0.65,2.62
2024-07-08,688018,69.09,68.08,70.45,67.8,24883,241285419.0,3.86,-0.71,-0.49,2.22
2024-07-09,688018,67.6,70.54,71.05,67.15,30890,303754269.0,5.73,3.61,2.46,2.75
2024-07-10,688018,70.37,70.95,71.66,69.79,20963,208345801.0,2.65,0.58,0.41,1.87
2024-07-11,688018,73.25,73.73,74.76,71.17,34752,355347182.0,5.06,3.92,2.78,3.1
2024-07-12,688018,72.94,73.49,73.98,72.32,18377,189000869.0,2.25,-0.33,-0.24,1.64
2024-07-15,688018,73.48,76.9,78.19,73.47,34939,376388186.0,6.42,4.64,3.41,3.11
2024-07-16,688018,77.26,79.1,79.52,76.55,31173,344228411.0,3.86,2.86,2.2,2.78
2024-07-17,688018,78.27,78.39,80.29,78.24,21683,240940108.0,2.59,-0.9,-0.71,1.93
2024-07-18,688018,77.62,77.12,77.69,73.32,42307,449323983.0,5.57,-1.62,-1.27,3.77
2024-07-19,688018,76.6,79.68,81.82,76.6,31375,351464243.0,6.77,3.32,2.56,2.8
2024-07-22,688018,79.17,79.12,81.6,78.19,19013,212716883.0,4.28,-0.7,-0.56,1.69
2024-07-23,688018,79.63,77.53,79.76,77.26,19047,210080748.0,3.16,-2.01,-1.59,1.7
2024-07-24,688018,74.76,75.03,77.26,73.33,45045,474847119.0,5.07,-3.22,-2.5,4.02
2024-07-25,688018,75.74,74.61,75.74,73.07,22005,228815978.0,3.56,-0.56,-0.42,1.96
2024-07-26,688018,74.33,74.51,75.61,73.25,18636,194889019.0,3.16,-0.13,-0.1,1.66
2024-07-29,688018,74.41,73.07,74.97,72.24,23271,239690186.0,3.66,-1.93,-1.44,2.07
2024-07-30,688018,73.33,75.35,76.38,72.61,36084,379676987.0,5.16,3.12,2.28,3.22
2024-07-31,688018,75.8,77.61,78.34,74.57,33613,365191725.0,5.0,3.0,2.26,3.0
2024-08-01,688018,78.27,80.16,81.56,77.68,33014,369012206.0,5.0,3.29,2.55,2.94
2024-08-02,688018,79.4,78.56,81.88,77.99,22833,255204929.0,4.85,-2.0,-1.6,2.04
2024-08-05,688018,78.12,73.05,78.12,72.88,37206,391425082.0,6.67,-7.01,-5.51,3.32
2024-08-06,688018,74.4,73.03,74.83,71.9,24075,245720599.0,4.01,-0.03,-0.02,2.15
2024-08-07,688018,72.61,72.52,74.18,72.18,18265,187464994.0,2.74,-0.7,-0.51,1.63
2024-08-08,688018,71.65,74.11,74.61,71.65,18059,186536028.0,4.08,2.19,1.59,1.61
2024-08-09,688018,74.83,74.05,75.83,73.9,14253,149590336.0,2.6,-0.08,-0.06,1.27
2024-08-12,688018,73.98,73.68,74.9,72.84,12797,132663536.0,2.78,-0.5,-0.37,1.14
2024-08-13,688018,73.38,74.41,74.92,73.32,8428,87588587.0,2.17,0.99,0.73,0.75
2024-08-14,688018,74.14,73.46,74.75,73.17,9011,93573000.0,2.12,-1.28,-0.95,0.8
2024-08-15,688018,73.32,72.99,74.47,72.52,12113,125059659.0,2.65,-0.64,-0.47,1.08
2024-08-16,688018,72.99,72.31,74.18,72.24,10669,109303252.0,2.66,-0.93,-0.68,0.95
2024-08-19,688018,72.19,73.04,73.93,72.19,11753,121063336.0,2.41,1.01,0.73,1.05
2024-08-20,688018,72.92,71.96,73.32,71.28,11795,119653663.0,2.79,-1.48,-1.08,1.05
2024-08-21,688018,71.96,71.26,72.52,70.75,10507,105597436.0,2.46,-0.97,-0.7,0.94
2024-08-22,688018,71.4,70.7,71.75,69.76,11135,110298515.0,2.79,-0.79,-0.56,0.99
2024-08-23,688018,70.16,70.68,71.03,69.96,7493,74283253.0,1.51,-0.03,-0.02,0.67
2024-08-26,688018,70.58,69.94,71.1,69.44,9119,89834729.0,2.35,-1.05,-0.74,0.81
2024-08-27,688018,69.45,68.82,70.1,68.55,7352,71463610.0,2.22,-1.6,-1.12,0.66
2024-08-28,688018,68.38,68.98,69.44,68.38,6435,62328106.0,1.54,0.23,0.16,0.57
2024-08-29,688018,68.84,67.9,69.24,67.23,15090,144756626.0,2.91,-1.57,-1.08,1.34
2024-08-30,688018,67.95,71.1,72.04,67.6,21969,218049204.0,6.54,4.71,3.2,1.96
2024-09-02,688018,71.53,68.64,71.87,68.61,15444,151169926.0,4.59,-3.46,-2.46,1.38
2024-09-03,688018,68.23,68.33,70.1,68.2,10273,99319316.0,2.77,-0.45,-0.31,0.92
2024-09-04,688018,68.31,68.51,69.87,67.43,10012,96742836.0,3.57,0.26,0.18,0.89
2024-09-05,688018,68.69,68.0,69.5,67.74,6852,65847404.0,2.57,-0.74,-0.51,0.61
2024-09-06,688018,67.95,65.95,68.31,65.94,10982,103137576.0,3.49,-3.01,-2.05,0.98
2024-09-09,688018,65.64,66.45,67.02,65.31,10979,102339640.0,2.59,0.76,0.5,0.98
2024-09-10,688018,66.31,66.84,67.28,65.31,10930,101620094.0,2.96,0.59,0.39,0.97
2024-09-11,688018,66.16,65.99,67.27,65.58,7441,69343246.0,2.53,-1.27,-0.85,0.66
2024-09-12,688018,66.24,64.96,66.74,64.73,10429,95705034.0,3.05,-1.56,-1.03,0.93
2024-09-13,688018,65.25,65.31,65.83,64.1,8595,78911289.0,2.66,0.54,0.35,0.77
2024-09-18,688018,65.37,64.3,65.77,63.41,10521,95023018.0,3.61,-1.55,-1.01,0.94
2024-09-19,688018,64.5,63.74,64.88,63.01,12215,109372001.0,2.91,-0.87,-0.56,1.09
2024-09-20,688018,63.94,63.84,64.87,63.31,9818,88154645.0,2.45,0.16,0.1,0.88
2024-09-23,688018,63.84,63.96,65.15,63.12,14106,126850927.0,3.18,0.19,0.12,1.26
2024-09-24,688018,64.88,65.5,65.66,62.82,17011,154784570.0,4.44,2.41,1.54,1.52
2024-09-25,688018,65.81,65.08,68.15,65.08,24976,234018608.0,4.69,-0.64,-0.42,2.23
2024-09-26,688018,65.52,68.74,68.74,64.78,18875,177989035.0,6.08,5.62,3.66,1.68
2024-09-27,688018,69.74,71.86,72.25,68.96,8610,85476816.0,4.79,4.54,3.12,0.77
2024-09-30,688018,77.91,83.39,84.05,74.3,40723,454732394.0,13.57,16.05,11.53,3.63
2024-10-08,688018,100.15,100.15,100.15,94.45,40498,561240675.0,6.84,20.1,16.76,3.61
2024-10-09,688018,95.52,96.95,105.46,92.66,55367,769315199.0,12.78,-3.2,-3.2,4.93
2024-10-10,688018,96.55,91.62,98.05,91.47,37328,494261967.0,6.79,-5.5,-5.33,3.33
2024-10-11,688018,90.21,84.27,91.72,82.56,34427,415166967.0,10.0,-8.02,-7.35,3.07
2024-10-14,688018,86.22,97.78,97.83,86.22,50446,649325735.0,13.78,16.03,13.51,4.5
2024-10-15,688018,96.95,92.23,97.2,91.96,43432,577175270.0,5.36,-5.68,-5.55,3.87
2024-10-16,688018,90.22,89.18,92.08,87.91,27174,341182120.0,4.52,-3.31,-3.05,2.42
2024-10-17,688018,90.6,92.13,95.08,88.93,29846,386693841.0,6.9,3.31,2.95,2.66
2024-10-18,688018,91.81,102.71,106.95,90.76,50668,708770635.0,17.57,11.48,10.58,4.52
2024-10-21,688018,104.49,99.82,108.02,99.17,63103,908648205.0,8.62,-2.81,-2.89,5.62
2024-10-22,688018,99.1,97.17,99.51,95.52,36074,493332030.0,4.0,-2.65,-2.65,3.22
2024-10-23,688018,96.24,94.27,97.14,93.37,30106,403491117.0,3.88,-2.98,-2.9,2.68
2024-10-24,688018,95.52,96.02,98.74,95.17,40364,549152098.0,3.79,1.86,1.75,3.6
2024-10-25,688018,96.03,93.95,96.91,91.83,36055,473469527.0,5.29,-2.16,-2.07,3.21
2024-10-28,688018,93.01,92.74,94.3,92.03,24443,318956335.0,2.42,-1.29,-1.21,2.18
2024-10-29,688018,93.37,91.24,94.91,91.09,26419,343141795.0,4.12,-1.62,-1.5,2.35
2024-10-30,688018,90.52,89.56,91.45,88.29,25662,323161909.0,3.46,-1.84,-1.68,2.29
2024-10-31,688018,89.06,89.94,91.15,87.95,26275,329697666.0,3.57,0.42,0.38,2.34
2024-11-01,688018,89.08,86.22,89.14,86.12,26929,330609950.0,3.36,-4.14,-3.72,2.4
2024-11-04,688018,86.57,87.65,88.0,85.99,20136,246585976.0,2.33,1.66,1.43,1.79
2024-11-05,688018,86.97,92.23,93.63,86.75,39297,502958283.0,7.85,5.23,4.58,3.5
2024-11-06,688018,93.12,91.19,94.0,90.51,28518,369249134.0,3.78,-1.13,-1.04,2.54
2024-11-07,688018,90.23,92.26,93.22,89.88,24688,316962623.0,3.66,1.17,1.07,2.2
2024-11-08,688018,93.37,93.55,96.24,92.98,37053,490226704.0,3.53,1.4,1.29,3.3
2024-11-11,688018,93.02,96.6,97.45,92.74,37952,509623673.0,5.03,3.26,3.05,3.38
2024-11-12,688018,97.66,94.73,97.66,93.74,35068,466758707.0,4.06,-1.94,-1.87,3.13
2024-11-13,688018,94.09,94.59,94.73,91.23,25529,332779697.0,3.69,-0.15,-0.14,2.28
2024-11-14,688018,94.12,90.71,95.34,90.52,19471,254297222.0,5.1,-4.1,-3.88,1.74
2024-11-15,688018,90.73,88.38,93.44,88.38,20256,258247604.0,5.58,-2.57,-2.33,1.81
2024-11-18,688018,88.36,85.41,89.64,84.57,24575,300631645.0,5.74,-3.36,-2.97,2.19
2024-11-19,688018,85.53,87.75,88.0,84.78,16475,199402208.0,3.77,2.74,2.34,1.47
2024-11-20,688018,87.29,87.53,88.36,86.22,13239,162250342.0,2.44,-0.25,-0.22,1.18
2024-11-21,688018,88.35,93.22,96.24,88.0,44308,579855263.0,9.41,6.5,5.69,3.95
2024-11-22,688018,93.85,94.98,103.25,92.3,64194,884081368.0,11.75,1.89,1.76,5.72
2024-11-25,688018,96.34,94.16,99.1,91.51,44224,588779920.0,7.99,-0.86,-0.82,3.94
2024-11-26,688018,93.69,98.6,102.61,93.55,47652,668116984.0,9.62,4.72,4.44,4.25
2024-11-27,688018,96.72,103.54,104.19,95.74,51105,722380327.0,8.57,5.01,4.94,4.55
2024-11-28,688018,103.79,107.71,110.78,101.32,54811,821731466.0,9.14,4.03,4.17,4.89
2024-11-29,688018,106.97,107.26,109.68,104.9,39185,587094026.0,4.44,-0.42,-0.45,3.49
2024-12-02,688018,106.63,105.18,108.17,104.47,30893,458873210.0,3.45,-1.94,-2.08,2.75
2024-12-03,688018,103.76,101.05,105.35,99.57,35855,510294826.0,5.5,-3.93,-4.13,3.2
2024-12-04,688018,101.88,97.59,102.25,96.6,27502,380908622.0,5.59,-3.42,-3.46,2.45
2024-12-05,688018,96.85,99.88,100.51,96.6,21042,292091135.0,4.01,2.35,2.29,1.88
2024-12-06,688018,99.46,102.27,102.65,97.96,27126,381441735.0,4.7,2.39,2.39,2.42
2024-12-09,688018,101.61,105.88,107.51,100.96,39252,579621820.0,6.4,3.53,3.61,3.5
2024-12-10,688018,112.35,127.14,127.14,109.13,82848,1380304028.0,17.01,20.08,21.26,7.38
2024-12-11,688018,134.19,152.65,152.65,133.59,137136,2799142801.0,14.99,20.06,25.51,12.22
2024-12-12,688018,160.3,152.62,160.3,139.23,156834,3253302827.0,13.8,-0.02,-0.03,13.98
2024-12-13,688018,147.08,153.82,167.12,147.08,126262,2826184500.0,13.13,0.79,1.2,11.25
2024-12-16,688018,153.35,140.59,153.52,138.35,109964,2228798538.0,9.86,-8.6,-13.23,9.8
2024-12-17,688018,140.71,142.36,147.68,134.9,83883,1648311232.0,9.09,1.26,1.77,7.48
2024-12-18,688018,142.06,153.45,159.25,134.19,106688,2184205069.0,17.6,7.79,11.09,9.51
2024-12-19,688018,147.08,160.44,169.17,142.16,111394,2382014372.0,17.6,4.56,6.99,9.93
2024-12-20,688018,162.83,189.32,192.61,160.44,123216,3078685118.0,20.05,18.0,28.88,10.98
2024-12-23,688018,185.72,169.84,185.72,168.2,88035,2151220095.0,9.25,-10.29,-19.48,7.85
2024-12-24,688018,172.12,170.7,174.28,164.17,71386,1696497973.0,5.95,0.51,0.86,6.36
2024-12-25,688018,167.12,166.41,169.34,160.39,56952,1314714206.0,5.24,-2.51,-4.29,5.08
2024-12-26,688018,166.26,173.57,180.41,163.82,76558,1845722889.0,9.97,4.3,7.16,6.82
2024-12-27,688018,169.99,167.84,179.3,166.84,63807,1535936259.0,7.18,-3.3,-5.73,5.69
2024-12-30,688018,163.04,159.16,168.7,158.69,66902,1529664098.0,5.96,-5.17,-8.68,5.96
2024-12-31,688018,159.3,155.67,161.4,154.87,51692,1139340225.0,4.1,-2.19,-3.49,4.61
2025-01-02,688018,156.36,154.89,159.28,151.99,47261,1027423824.0,4.68,-0.5,-0.78,4.21
2025-01-03,688018,157.34,148.9,159.25,146.14,53500,1127735309.0,8.46,-3.87,-5.99,4.77
2025-01-06,688018,148.66,143.67,149.93,140.34,53312,1083481241.0,6.44,-3.51,-5.23,4.75
2025-01-07,688018,144.21,149.83,151.36,139.63,58631,1208893602.0,8.16,4.29,6.16,5.23
2025-01-08,688018,146.36,152.8,156.3,144.93,63014,1336021816.0,7.59,1.98,2.97,5.62
2025-01-09,688018,154.21,158.08,166.31,153.38,71088,1601087303.0,8.46,3.46,5.28,6.34
2025-01-10,688018,159.25,156.17,166.84,155.82,54304,1223898407.0,6.97,-1.21,-1.91,4.84
2025-01-13,688018,149.94,150.36,155.23,146.72,48005,1010917966.0,5.45,-3.72,-5.81,4.28
2025-01-14,688018,152.57,163.54,164.12,147.79,55515,1222943277.0,10.86,8.77,13.18,4.95
2025-01-15,688018,162.11,168.63,175.72,160.7,61319,1456286051.0,9.18,3.11,5.09,5.47
2025-01-16,688018,165.39,157.46,166.9,155.03,66563,1494599408.0,7.04,-6.62,-11.17,5.93
2025-01-17,688018,155.94,175.59,181.85,155.67,70951,1661380490.0,16.63,11.51,18.13,6.32
2025-01-20,688018,174.98,174.91,180.01,170.7,51321,1253892882.0,5.3,-0.39,-0.68,4.57
2025-01-21,688018,181.44,199.34,207.22,180.2,83128,2213239818.0,15.45,13.97,24.43,7.41
2025-01-22,688018,191.18,205.07,206.42,191.18,54936,1507009839.0,7.65,2.87,5.73,4.9
2025-01-23,688018,203.64,192.54,206.49,190.75,66857,1844349579.0,7.68,-6.11,-12.53,5.96
2025-01-24,688018,190.72,196.19,199.34,190.17,42574,1162511269.0,4.76,1.9,3.65,3.79
2025-01-27,688018,200.06,193.07,206.15,192.16,52464,1462798343.0,7.13,-1.59,-3.12,4.68
2025-02-05,688018,196.94,178.01,197.2,177.04,74980,1941978639.0,10.44,-7.8,-15.06,6.68
2025-02-06,688018,175.72,189.32,192.03,175.59,59917,1567427395.0,9.24,6.35,11.31,5.34
2025-02-07,688018,185.74,183.28,191.03,180.01,64401,1669186734.0,5.82,-3.19,-6.04,5.74
2025-02-10,688018,178.59,183.6,187.17,175.95,59446,1507286696.0,6.12,0.17,0.32,5.3
2025-02-11,688018,182.88,185.01,186.38,178.65,45182,1158659455.0,4.21,0.77,1.41,4.03
2025-02-12,688018,181.3,186.74,192.11,177.86,57872,1491734927.0,7.7,0.94,1.73,5.16
2025-02-13,688018,182.16,163.69,183.59,162.88,98705,2356642410.0,11.09,-12.34,-23.05,8.8
2025-02-14,688018,162.56,164.72,165.15,160.68,46759,1066700706.0,2.73,0.63,1.03,4.17
2025-02-17,688018,163.19,167.36,167.98,155.67,46381,1069847118.0,7.47,1.6,2.64,4.13
2025-02-18,688018,164.34,162.88,167.83,161.98,32960,759479388.0,3.5,-2.68,-4.48,2.94
2025-02-19,688018,162.1,169.13,169.99,162.1,42723,1001040597.0,4.84,3.84,6.25,3.81
2025-02-20,688018,171.42,169.63,173.71,165.34,42962,1021505909.0,4.95,0.3,0.5,3.83
2025-02-21,688018,166.54,170.86,174.27,166.48,47238,1127946991.0,4.59,0.73,1.23,4.21
2025-02-24,688018,167.91,163.87,171.18,162.11,53126,1226799548.0,5.31,-4.09,-6.99,4.73
2025-02-25,688018,159.25,165.21,170.69,158.53,51144,1179821332.0,7.42,0.82,1.34,4.56
2025-02-26,688018,166.82,167.85,173.42,162.83,42987,1013706731.0,6.41,1.6,2.64,3.83
2025-02-27,688018,166.16,165.88,170.68,162.24,37974,882209694.0,5.03,-1.17,-1.97,3.38
2025-02-28,688018,165.48,156.37,166.05,154.95,40026,898684302.0,6.69,-5.73,-9.51,3.57
2025-03-03,688018,159.35,152.38,160.56,150.01,40881,882412091.0,6.75,-2.55,-3.99,3.64
2025-03-04,688018,150.89,163.83,166.88,148.51,63679,1429108290.0,12.06,7.51,11.45,5.68
2025-03-05,688018,165.72,167.13,174.53,164.98,60794,1436241929.0,5.83,2.01,3.3,5.42
2025-03-06,688018,169.9,173.38,175.72,165.71,73984,1766825487.0,5.99,3.74,6.25,6.59
2025-03-07,688018,173.47,165.33,173.47,164.34,43916,1028015843.0,5.27,-4.64,-8.05,3.91
2025-03-10,688018,164.27,164.26,165.18,159.97,31715,721500740.0,3.15,-0.65,-1.07,2.83
2025-03-11,688018,159.97,156.81,163.42,155.67,39615,877899525.0,4.72,-4.54,-7.45,3.53
2025-03-12,688018,159.25,160.97,164.32,155.17,37383,838547800.0,5.84,2.65,4.16,3.33
2025-03-13,688018,160.02,161.09,163.9,156.81,35757,801235793.0,4.4,0.07,0.12,3.19
2025-03-14,688018,161.15,162.29,168.46,159.73,57593,1328112574.0,5.42,0.74,1.2,5.13
2025-03-17,688018,157.11,155.31,157.11,150.09,49874,1073707510.0,4.33,-4.3,-6.98,4.45
2025-03-18,688018,156.39,160.32,161.38,154.22,48044,1064946294.0,4.61,3.23,5.01,4.28
2025-03-19,688018,161.85,165.41,172.84,161.85,59217,1396019361.0,6.86,3.17,5.09,5.28
2025-03-20,688018,166.46,165.99,173.62,162.83,53178,1254061379.0,6.52,0.35,0.58,4.74
2025-03-21,688018,164.8,153.52,166.74,152.45,53057,1164157250.0,8.61,-7.51,-12.47,4.73
2025-03-24,688018,154.95,154.45,159.93,151.56,40829,891341234.0,5.45,0.61,0.93,3.64
2025-03-25,688018,154.24,149.22,154.97,148.81,27760,587096966.0,3.99,-3.39,-5.23,2.47
2025-03-26,688018,149.3,153.18,155.47,149.3,32338,695146986.0,4.13,2.65,3.96,2.88
2025-03-27,688018,151.41,152.46,159.02,151.41,34688,750897815.0,4.97,-0.47,-0.72,3.09
2025-03-28,688018,153.2,149.94,156.72,149.69,24448,520975976.0,4.61,-1.65,-2.52,2.18
2025-03-31,688018,149.24,164.02,166.11,147.79,68694,1517779850.0,12.22,9.39,14.08,6.12
2025-04-01,688018,164.98,161.4,166.41,160.44,34171,779560867.0,3.64,-1.6,-2.62,3.05
2025-04-02,688018,161.04,156.53,162.47,156.03,28742,639606492.0,3.99,-3.02,-4.87,2.56
2025-04-03,688018,152.09,147.4,157.09,146.45,43680,920187580.0,6.8,-5.83,-9.13,3.89
2025-04-07,688018,128.46,121.48,135.62,117.84,57612,1027051719.0,12.06,-17.58,-25.92,5.13
2025-04-08,688018,123.2,124.74,128.79,120.58,47301,825512036.0,6.76,2.68,3.26,4.22
2025-04-09,688018,120.65,127.12,130.32,117.73,44393,782804513.0,10.09,1.91,2.38,3.96
2025-04-10,688018,132.04,134.41,138.96,132.04,43938,835807216.0,5.44,5.73,7.29,3.92
2025-04-11,688018,132.8,138.68,141.91,132.8,37353,724156944.0,6.78,3.18,4.27,3.33
2025-04-14,688018,141.1,137.8,142.69,137.05,28487,553911460.0,4.07,-0.63,-0.88,2.54
2025-04-15,688018,137.8,138.8,139.91,135.26,21038,405692014.0,3.37,0.73,1.0,1.88
2025-04-16,688018,138.48,136.13,139.2,133.97,19353,369931355.0,3.77,-1.92,-2.67,1.72
2025-04-17,688018,134.75,138.48,141.35,134.75,30634,598889200.0,4.85,1.73,2.35,2.73
2025-04-18,688018,138.48,137.79,139.19,135.92,15491,298011851.0,2.36,-0.5,-0.69,1.38
2025-04-21,688018,137.49,137.14,138.48,134.54,28818,550633941.0,2.86,-0.47,-0.65,2.57
2025-04-22,688018,136.89,134.34,138.34,134.26,23777,453572127.0,2.98,-2.04,-2.8,2.12
2025-04-23,688018,136.7,139.26,140.51,135.98,30082,582999659.0,3.37,3.66,4.92,2.68
2025-04-24,688018,139.2,137.19,139.2,135.32,19526,375302884.0,2.79,-1.49,-2.07,1.74
2025-04-25,688018,137.18,136.48,139.77,135.75,25409,490326753.0,2.93,-0.52,-0.71,2.26
2025-04-28,688018,137.62,139.49,141.92,134.9,28639,557545433.0,5.14,2.21,3.01,2.55
2025-04-29,688018,139.12,138.74,139.91,137.24,15938,309079284.0,1.91,-0.54,-0.75,1.42
2025-04-30,688018,144.93,155.67,156.38,144.93,64081,1367194267.0,8.25,12.2,16.93,5.71
2025-05-06,688018,156.38,157.64,159.2,152.6,41930,920336528.0,4.24,1.27,1.97,3.74
2025-05-07,688018,159.25,156.38,160.45,154.57,28754,632209990.0,3.73,-0.8,-1.26,2.56
2025-05-08,688018,155.67,154.02,157.03,152.45,20969,452304842.0,2.93,-1.51,-2.36,1.87
2025-05-09,688018,148.51,141.7,149.14,141.34,48050,967401406.0,5.06,-8.0,-12.32,4.28
2025-05-12,688018,143.41,144.43,145.57,142.06,28698,577521205.0,2.48,1.93,2.73,2.56
2025-05-13,688018,146.36,145.79,150.65,143.85,30767,637432354.0,4.71,0.94,1.36,2.74
2025-05-14,688018,144.24,143.14,148.18,140.77,26099,525189282.0,5.08,-1.82,-2.65,2.33
2025-05-15,688018,143.19,141.26,144.38,140.65,19523,389841902.0,2.61,-1.31,-1.88,1.74
2025-05-16,688018,140.99,139.77,142.23,139.51,15873,312558970.0,1.93,-1.05,-1.49,1.41
2025-05-19,688018,138.83,136.25,139.91,135.98,24545,471843572.0,2.81,-2.52,-3.52,2.19
2025-05-20,688018,136.69,140.36,142.96,135.27,25218,495558257.0,5.64,3.02,4.11,2.25
2025-05-21,688018,139.91,137.86,140.36,137.43,16070,311863948.0,2.09,-1.78,-2.5,1.43
2025-05-22,688018,137.67,138.48,145.54,136.58,32670,644689426.0,6.5,0.45,0.62,2.91
2025-05-23,688018,138.7,133.18,138.7,130.79,36962,689407155.0,5.71,-3.83,-5.3,3.29
2025-05-26,688018,132.75,138.18,139.04,131.87,26163,496731167.0,5.38,3.75,5.0,2.33
2025-05-27,688018,136.7,134.71,141.78,134.4,16802,322581102.0,5.34,-2.51,-3.47,1.5
2025-05-28,688018,135.12,134.19,137.19,132.97,11774,221440289.0,3.13,-0.39,-0.52,1.05
2025-05-29,688018,134.76,135.69,137.41,134.22,17722,336899472.0,2.38,1.12,1.5,1.58
2025-05-30,688018,134.9,131.42,134.9,131.21,17992,333598746.0,2.72,-3.15,-4.27,1.6
2025-06-03,688018,132.71,137.76,139.59,131.44,33033,633515140.0,6.2,4.82,6.34,2.94
2025-06-04,688018,135.39,136.3,136.65,134.3,21022,284830590.0,1.71,-1.06,-1.46,1.34
2025-06-05,688018,136.3,141.18,141.8,135.16,29073,404801110.0,4.87,3.58,4.88,1.86
2025-06-06,688018,141.18,143.57,145.99,140.83,31363,448806168.0,3.65,1.69,2.39,2.0
2025-06-09,688018,142.82,151.08,155.18,140.86,78458,1175911420.0,9.97,5.23,7.51,5.01
2025-06-10,688018,149.0,141.0,149.6,138.92,57804,824378452.0,7.07,-6.67,-10.08,3.69
2025-06-11,688018,141.5,139.19,142.3,138.15,27949,390770444.0,2.94,-1.28,-1.81,1.78
2025-06-12,688018,138.43,137.0,140.2,136.0,29029,400558166.0,3.02,-1.57,-2.19,1.85
2025-06-13,688018,136.65,138.12,139.79,134.0,46001,627872771.0,4.23,0.82,1.12,2.94
2025-06-16,688018,137.03,134.13,137.98,132.55,38445,516847123.0,3.93,-2.89,-3.99,2.45
2025-06-17,688018,133.98,134.39,135.34,132.8,20142,270062578.0,1.89,0.19,0.26,1.29
2025-06-18,688018,133.63,133.48,134.3,131.68,23492,312626375.0,1.95,-0.68,-0.91,1.5
2025-06-19,688018,133.88,134.66,138.44,133.0,40291,547715178.0,4.08,0.88,1.18,2.57
2025-06-20,688018,135.0,132.0,135.45,131.9,20880,277665790.0,2.64,-1.98,-2.66,1.33
2025-06-23,688018,130.77,132.55,135.0,130.3,20497,272273065.0,3.56,0.42,0.55,1.31
2025-06-24,688018,133.56,138.11,138.99,133.0,36311,496844705.0,4.52,4.19,5.56,2.32
2025-06-25,688018,140.57,146.83,147.44,139.1,57251,824689558.0,6.04,6.31,8.72,3.65
2025-06-26,688018,146.12,144.08,146.89,143.0,34738,501980724.0,2.65,-1.87,-2.75,2.22
2025-06-27,688018,144.5,139.93,145.28,138.18,38726,545981536.0,4.93,-2.88,-4.15,2.47
2025-06-30,688018,139.86,146.1,146.44,139.7,43058,616330458.0,4.82,4.41,6.17,2.75
2025-07-01,688018,145.01,144.01,145.86,142.2,27138,391686104.0,2.51,-1.43,-2.09,1.73
2025-07-02,688018,143.2,139.0,143.78,138.05,31455,440309872.0,3.98,-3.48,-5.01,2.01
2025-07-03,688018,139.0,139.4,143.88,138.6,26305,370610235.0,3.8,0.29,0.4,1.68
2025-07-04,688018,139.0,137.13,140.39,135.5,26826,369022357.0,3.51,-1.63,-2.27,1.71
2025-07-07,688018,136.89,136.72,137.54,135.14,13978,190753666.0,1.75,-0.3,-0.41,0.89
2025-07-08,688018,146.0,148.3,149.8,142.89,96318,1413764485.0,5.05,8.47,11.58,6.15
2025-07-09,688018,147.45,147.95,149.22,146.62,39885,590141026.0,1.75,-0.24,-0.35,2.55
2025-07-10,688018,148.66,156.48,157.44,148.13,70267,1085522232.0,6.29,5.77,8.53,4.48
2025-07-11,688018,155.74,154.33,156.8,152.52,46788,724053538.0,2.74,-1.37,-2.15,2.99
2025-07-14,688018,155.0,152.77,155.15,152.57,27429,421241744.0,1.67,-1.01,-1.56,1.75
2025-07-15,688018,152.6,158.1,158.5,152.46,49312,767194146.0,3.95,3.49,5.33,3.15
2025-07-16,688018,158.3,154.9,158.8,154.5,35954,561084600.0,2.72,-2.02,-3.2,2.29
2025-07-17,688018,154.9,155.5,156.0,153.1,26086,403145493.0,1.87,0.39,0.6,1.66
2025-07-18,688018,155.55,153.59,158.3,152.29,30423,469982095.0,3.86,-1.23,-1.91,1.94
2025-07-21,688018,152.9,156.44,159.79,152.22,39314,615205930.0,4.93,1.86,2.85,2.51
2025-07-22,688018,156.01,154.17,158.4,153.16,34619,536566155.0,3.35,-1.45,-2.27,2.21
2025-07-23,688018,152.58,154.08,156.5,151.11,28849,444528729.0,3.5,-0.06,-0.09,1.84
2025-07-24,688018,154.03,154.45,155.5,153.0,24646,380076123.0,1.62,0.24,0.37,1.57
2025-07-25,688018,155.0,158.99,159.4,154.59,39620,622767721.0,3.11,2.94,4.54,2.53
2025-07-28,688018,160.0,157.33,160.5,156.51,32305,509647311.0,2.51,-1.04,-1.66,2.06
2025-07-29,688018,157.0,162.33,164.58,156.18,47596,770320260.0,5.34,3.18,5.0,3.04
2025-07-30,688018,163.07,163.56,171.81,161.01,57560,954096548.0,6.65,0.76,1.23,3.67
2025-07-31,688018,163.68,161.98,167.55,159.11,50350,826418537.0,5.16,-0.97,-1.58,3.21
2025-08-01,688018,161.75,160.47,164.48,158.1,28540,458761398.0,3.94,-0.93,-1.51,1.82
2025-08-04,688018,158.47,161.3,161.96,157.74,31747,506621432.0,2.63,0.52,0.83,2.03
2025-08-05,688018,160.96,160.0,160.97,158.16,24599,392473147.0,1.74,-0.81,-1.3,1.57
2025-08-06,688018,160.12,160.0,162.62,157.01,35515,564512468.0,3.51,0.0,0.0,2.27
2025-08-07,688018,158.5,156.42,160.14,156.08,36092,568570018.0,2.54,-2.24,-3.58,2.3
2025-08-08,688018,155.96,150.86,156.4,150.24,49252,750321986.0,3.94,-3.55,-5.56,3.14
2025-08-11,688018,150.86,153.23,154.77,150.2,32275,494855002.0,3.03,1.57,2.37,2.06
2025-08-12,688018,153.0,155.3,156.8,151.58,40429,624384634.0,3.41,1.35,2.07,2.58
2025-08-13,688018,155.01,163.3,163.6,153.8,64099,1018291137.0,6.31,5.15,8.0,4.09
2025-08-14,688018,162.9,161.26,166.19,160.39,45350,740509411.0,3.55,-1.25,-2.04,2.89
2025-08-15,688018,160.19,164.38,165.59,160.19,36759,600957769.0,3.35,1.93,3.12,2.35
2025-08-18,688018,164.0,169.45,172.5,162.9,56728,955657105.0,5.84,3.08,5.07,3.62
2025-08-19,688018,169.65,170.28,174.88,168.5,46437,799298922.0,3.77,0.49,0.83,2.96
2025-08-20,688018,167.01,187.0,187.87,165.4,75624,1333266773.0,13.2,9.82,16.72,4.83
2025-08-21,688018,185.81,181.35,186.87,178.54,58085,1058441375.0,4.45,-3.02,-5.65,3.71
2025-08-22,688018,180.2,185.99,188.0,180.2,55809,1034372823.0,4.3,2.56,4.64,3.56
2025-08-25,688018,187.6,184.93,196.0,182.1,67253,1255542045.0,7.47,-0.57,-1.06,4.29
2025-08-26,688018,183.95,187.5,191.24,181.99,40337,753769727.0,5.0,1.39,2.57,2.57
2025-08-27,688018,193.01,219.99,225.0,193.01,125694,2717937197.0,17.06,17.33,32.49,8.02
2025-08-28,688018,217.9,222.88,224.3,211.77,115424,2505467056.0,5.7,1.31,2.89,7.37
2025-08-29,688018,219.0,217.61,219.56,209.8,73869,1588612548.0,4.38,-2.36,-5.27,4.71
2025-09-01,688018,220.06,218.18,225.6,211.33,72506,1582174175.0,6.56,0.26,0.57,4.63
2025-09-02,688018,218.39,191.15,218.39,190.0,99688,2000640825.0,13.01,-12.39,-27.03,6.36
2025-09-03,688018,192.57,187.71,194.88,186.0,52371,992514943.0,4.65,-1.8,-3.44,3.34
2025-09-04,688018,188.0,176.04,188.97,172.75,61622,1111238949.0,8.64,-6.22,-11.67,3.93
2025-09-05,688018,177.88,179.54,179.79,173.88,53400,946048386.0,3.36,1.99,3.5,3.41
2025-09-08,688018,178.0,180.5,180.65,174.54,55828,992527119.0,3.4,0.53,0.96,3.56
2025-09-09,688018,179.0,175.98,181.47,174.64,35958,639311082.0,3.78,-2.5,-4.52,2.29
2025-09-10,688018,176.01,177.79,180.4,176.0,34895,622354265.0,2.5,1.03,1.81,2.23
2025-09-11,688018,176.5,188.62,188.8,175.58,66193,1218952432.0,7.44,6.09,10.83,4.22
2025-09-12,688018,188.0,190.5,194.8,184.53,68380,1291454663.0,5.44,1.0,1.88,4.36
2025-09-15,688018,193.8,185.67,193.8,184.1,41182,771057784.0,5.09,-2.54,-4.83,2.63
2025-09-16,688018,185.66,186.54,189.58,184.21,29956,559878941.0,2.89,0.47,0.87,1.91
2025-09-17,688018,186.0,191.41,194.59,185.03,42223,805992268.0,5.12,2.61,4.87,2.69
2025-09-18,688018,191.41,190.24,201.5,186.11,74347,1446425882.0,8.04,-0.61,-1.17,4.74
2025-09-19,688018,190.5,184.34,191.0,184.0,41835,780661291.0,3.68,-3.1,-5.9,2.67
2025-09-22,688018,195.4,199.41,202.25,190.02,88312,1742354796.0,6.63,8.18,15.07,5.64
2025-09-23,688018,204.0,204.23,205.02,192.44,90787,1809664611.0,6.31,2.42,4.82,5.79
2025-09-24,688018,200.08,206.8,209.68,196.95,73748,1507198629.0,6.23,1.26,2.57,4.71
2025-09-25,688018,205.99,206.61,214.28,203.58,51361,1073725879.0,5.17,-0.09,-0.19,3.28
2025-09-26,688018,206.61,197.0,210.88,196.61,54029,1095871980.0,6.91,-4.65,-9.61,3.45
2025-09-29,688018,196.85,199.29,199.91,192.0,43000,844582276.0,4.02,1.16,2.29,2.74
2025-09-30,688018,202.63,216.86,218.88,202.63,96109,2039105737.0,8.15,8.82,17.57,6.13
2025-10-09,688018,213.8,216.18,222.5,207.56,88797,1911373471.0,6.89,-0.31,-0.68,5.67
2025-10-10,688018,218.1,199.5,225.17,197.61,71186,1482299875.0,12.75,-7.72,-16.68,4.54
2025-10-13,688018,186.73,196.02,200.99,186.73,53801,1051057959.0,7.15,-1.74,-3.48,3.43
2025-10-14,688018,200.0,190.8,203.88,188.93,50337,985219709.0,7.63,-2.66,-5.22,3.21
2025-10-15,688018,187.0,188.25,191.88,183.58,41250,769530431.0,4.35,-1.34,-2.55,2.63
2025-10-16,688018,186.98,182.36,187.88,181.32,39128,720648492.0,3.48,-3.13,-5.89,2.5
2025-10-17,688018,181.35,174.0,184.12,173.75,39177,698215808.0,5.69,-4.58,-8.36,2.5
2025-10-20,688018,176.0,176.68,179.99,174.59,31428,556812083.0,3.1,1.54,2.68,2.01
2025-10-21,688018,178.8,179.57,180.99,176.16,27869,499747062.0,2.73,1.64,2.89,1.78
2025-10-22,688018,178.0,177.28,180.9,175.02,24487,434866812.0,3.27,-1.28,-2.29,1.56
2025-10-23,688018,176.0,177.3,177.88,172.5,22052,385715597.0,3.03,0.01,0.02,1.41
2025-10-24,688018,179.5,185.3,185.86,178.03,43076,787632775.0,4.42,4.51,8.0,2.75
2025-10-27,688018,188.9,186.94,191.17,180.42,54443,1010559394.0,5.8,0.89,1.64,3.47
2025-10-28,688018,178.0,173.9,178.0,172.0,92386,1611478865.0,3.21,-6.98,-13.04,5.9
2025-10-29,688018,173.0,173.86,174.71,170.01,49587,853006004.0,2.7,-0.02,-0.04,3.16
2025-10-30,688018,173.13,165.68,173.47,165.05,63341,1064104567.0,4.84,-4.7,-8.18,4.04
2025-10-31,688018,166.15,167.3,169.71,165.78,31574,529917015.0,2.37,0.98,1.62,2.01
2025-11-03,688018,166.51,163.9,166.81,162.88,33678,553440174.0,2.35,-2.03,-3.4,2.15
2025-11-04,688018,163.8,161.1,165.4,159.8,26776,434656560.0,3.42,-1.71,-2.8,1.71
2025-11-05,688018,157.86,159.51,160.99,156.7,26413,419504666.0,2.66,-0.99,-1.59,1.69
2025-11-06,688018,160.66,161.76,163.65,160.66,32356,524618262.0,1.87,1.41,2.25,2.06
2025-11-07,688018,160.28,158.01,160.28,157.55,26450,419439278.0,1.69,-2.32,-3.75,1.69
2025-11-10,688018,158.02,161.19,161.28,157.23,30433,483940727.0,2.56,2.01,3.18,1.94
2025-11-11,688018,161.19,156.4,163.18,155.51,37578,597002235.0,4.76,-2.97,-4.79,2.4
2025-11-12,688018,155.75,156.68,159.38,155.6,21500,338281226.0,2.42,0.18,0.28,1.37
2025-11-13,688018,157.08,157.85,158.1,155.97,17699,278284894.0,1.36,0.75,1.17,1.13
2025-11-14,688018,156.02,155.53,159.3,155.0,20106,316484328.0,2.72,-1.47,-2.32,1.28
2025-11-17,688018,155.04,153.1,156.67,152.51,24407,375589460.0,2.67,-1.56,-2.43,1.56
2025-11-18,688018,153.08,153.8,155.6,152.69,21800,336545601.0,1.9,0.46,0.7,1.39
2025-11-19,688018,153.97,153.0,156.5,152.91,20395,315103221.0,2.33,-0.52,-0.8,1.3
2025-11-20,688018,154.9,153.13,156.33,152.81,22517,347571094.0,2.3,0.08,0.13,1.44
2025-11-21,688018,151.62,148.6,152.5,148.2,28607,430530356.0,2.81,-2.96,-4.53,1.83
2025-11-24,688018,150.01,151.0,152.0,149.22,23040,347453773.0,1.87,1.62,2.4,1.47
2025-11-25,688018,152.3,157.11,158.5,152.3,40190,627778032.0,4.11,4.05,6.11,2.56
2025-11-26,688018,158.19,165.9,168.83,157.55,80583,1329521301.0,7.18,5.59,8.79,5.14
2025-11-27,688018,168.23,165.81,173.01,165.33,66480,1125237575.0,4.63,-0.05,-0.09,4.24
2025-11-28,688018,167.0,167.3,170.49,165.02,40972,687242778.0,3.3,0.9,1.49,2.61
2025-12-01,688018,170.01,181.61,184.98,167.14,117275,2066133704.0,10.66,8.55,14.31,7.48
2025-12-02,688018,180.66,181.95,190.0,179.79,90724,1668017339.0,5.62,0.19,0.34,5.79
2025-12-03,688018,181.95,175.14,182.81,174.0,61661,1093749600.0,4.84,-3.74,-6.81,3.93
2025-12-04,688018,172.9,173.0,174.5,167.8,55064,940240601.0,3.83,-1.22,-2.14,3.51
2025-12-05,688018,172.0,170.06,172.26,167.03,40139,680213753.0,3.02,-1.7,-2.94,2.56
2025-12-08,688018,170.0,169.29,171.0,168.03,47940,812592250.0,1.75,-0.45,-0.77,3.06
2025-12-09,688018,169.43,167.25,171.5,166.01,42156,710365932.0,3.24,-1.21,-2.04,2.69
2025-12-10,688018,165.18,168.11,168.98,164.19,29809,495295071.0,2.86,0.51,0.86,1.9
2025-12-11,688018,167.0,161.84,167.88,161.84,35056,576355930.0,3.59,-3.73,-6.27,2.24
2025-12-12,688018,160.58,169.73,169.73,158.71,72620,1198538501.0,6.81,4.88,7.89,4.63
2025-12-15,688018,166.34,160.2,166.34,160.2,55593,901913001.0,3.62,-5.61,-9.53,3.55
2025-12-16,688018,159.51,157.31,162.88,157.18,29687,473076954.0,3.56,-1.8,-2.89,1.89
2025-12-17,688018,157.5,163.9,164.9,156.6,38510,618035526.0,5.28,4.19,6.59,2.46
2025-12-18,688018,161.16,159.22,162.99,159.07,28980,465735849.0,2.39,-2.86,-4.68,1.85
2025-12-19,688018,159.9,157.18,160.97,157.02,27320,432611379.0,2.48,-1.28,-2.04,1.74
2025-12-22,688018,157.26,159.28,161.0,157.22,27538,438731193.0,2.4,1.34,2.1,1.76
2025-12-23,688018,159.8,161.68,164.76,159.19,31998,519202474.0,3.5,1.51,2.4,2.04
2025-12-24,688018,161.6,165.84,167.8,160.51,39599,650324311.0,4.51,2.57,4.16,2.53
2025-12-25,688018,166.5,165.64,166.6,164.07,26053,431502830.0,1.53,-0.12,-0.2,1.66
2025-12-26,688018,164.73,163.8,167.99,163.35,26584,440211938.0,2.8,-1.11,-1.84,1.7
2025-12-29,688018,164.09,164.03,167.88,163.84,28688,476505190.0,2.47,0.14,0.23,1.83
2025-12-30,688018,164.67,172.9,176.88,164.08,62827,1069018551.0,7.8,5.41,8.87,4.01
2025-12-31,688018,176.0,170.0,176.79,168.6,37358,637380421.0,4.74,-1.68,-2.9,2.38
2026-01-05,688018,171.02,178.3,179.01,171.01,53228,936405226.0,4.71,4.88,8.3,3.4
2026-01-06,688018,176.97,176.87,179.01,173.08,47134,829587514.0,3.33,-0.8,-1.43,3.01
2026-01-07,688018,176.0,173.35,177.19,170.66,56178,971452280.0,3.69,-1.99,-3.52,3.59
2026-01-08,688018,172.06,173.33,177.9,172.06,40405,707006755.0,3.37,-0.01,-0.02,2.58
2026-01-09,688018,171.5,175.7,176.33,169.06,47900,831440019.0,4.19,1.37,2.37,3.06
2026-01-12,688018,176.8,189.45,189.5,175.0,89456,1639060624.0,8.25,7.83,13.75,5.71
2026-01-13,688018,191.0,177.62,191.0,176.28,71785,1312104577.0,7.77,-6.24,-11.83,4.58
2026-01-14,688018,177.3,180.01,186.74,176.5,72370,1314367533.0,5.77,1.35,2.39,4.62
2026-01-15,688018,177.69,182.18,183.78,177.41,46813,845445111.0,3.54,1.21,2.17,2.99
2026-01-16,688018,181.07,183.0,185.68,179.29,50033,913144686.0,3.51,0.45,0.82,3.19
2026-01-19,688018,181.36,175.81,182.0,175.78,45443,809133686.0,3.4,-3.93,-7.19,2.9
2026-01-20,688018,175.89,174.85,180.9,173.12,38932,684834636.0,4.43,-0.55,-0.96,2.48
2026-01-21,688018,173.01,179.1,181.6,172.33,46660,832701359.0,5.3,2.43,4.25,2.98
2026-01-22,688018,180.31,177.5,181.61,175.98,30622,543874219.0,3.14,-0.89,-1.6,1.95
2026-01-23,688018,177.5,179.35,180.8,175.51,42672,760272894.0,2.98,1.04,1.85,2.72
2026-01-26,688018,179.0,169.55,181.55,169.4,53187,918289200.0,6.77,-5.46,-9.8,3.39
2026-01-27,688018,170.1,175.9,177.3,166.8,48697,843534739.0,6.19,3.75,6.35,3.11
2026-01-28,688018,174.71,177.44,181.56,174.71,43496,775496678.0,3.89,0.88,1.54,2.78
2026-01-29,688018,176.0,170.47,179.6,170.0,39439,685364144.0,5.41,-3.93,-6.97,2.52
2026-01-30,688018,169.25,168.3,171.68,163.6,33920,568742761.0,4.74,-1.27,-2.17,2.16
2026-02-02,688018,166.44,159.75,167.94,159.35,35735,580272883.0,5.1,-5.08,-8.55,2.28
2026-02-03,688018,162.89,164.1,164.88,159.35,29157,472648035.0,3.46,2.72,4.35,1.87
2026-02-04,688018,162.98,160.0,163.0,158.58,27782,443946072.0,2.69,-2.5,-4.1,1.78
2026-02-05,688018,159.18,161.53,163.98,158.8,22778,366302641.0,3.24,0.96,1.53,1.46
2026-02-06,688018,160.02,161.82,164.47,158.75,21133,343315036.0,3.54,0.18,0.29,1.36
2026-02-09,688018,163.97,163.6,164.45,161.83,16801,274293256.0,1.62,1.1,1.78,1.08
2026-02-10,688018,163.6,164.03,165.0,162.74,22792,373721409.0,1.38,0.26,0.43,1.46
2026-02-11,688018,162.9,163.41,164.67,162.9,12635,206705469.0,1.08,-0.38,-0.62,0.81
2026-02-12,688018,163.61,170.02,173.0,163.5,43466,731019792.0,5.81,4.05,6.61,2.79
2026-02-13,688018,168.6,167.3,172.5,167.3,20907,354418744.0,3.06,-1.6,-2.72,1.34
